Designator,Footprint,Quantity,Value,LCSC Part #
A1,RaspberryPi_Pico_Common_THT,1,RaspberryPi_Pico,
"C1, C11, C12, C14, C15, C16, C17, C18, C19, C3, C4, C5, C6, C7",0805,14,100nF,
C10,0805,1,47uF,
C13,0805,1,10uF,
C2,0805,1,330nF,
C8,0805,1,1pF,
C9,0805,1,1nF,
D6,D_SMA,1,1N4001,
D7,0805,1,LED,
D8,SOT-23,1,BAT54S,
"J1, J12, J13, J5, J9",PinHeader_1x02_P2.54mm_Vertical,5,Conn_01x02,
"J10, J11, J4, J7",PinHeader_2x05_P2.54mm_Vertical,4,Conn_02x05_Odd_Even,
"J14, J15, J17, J23, J3, J6, J8",PinHeader_1x03_P2.54mm_Vertical,7,Conn_01x03,
J16,PinHeader_1x04_P2.54mm_Vertical,1,Conn_01x04,
"J19, J20, J21, J22, J24",SMA_Amphenol_901-144_Vertical,5,Conn_Coaxial,
J2,Screw terminal 3 pin,1,SCREW_TERMINAL,
L1,1206,1,RFC,
"Q1, Q11, Q12, Q6",SOT-223-3_TabPin2,4,ZXMP4A16G,
"Q10, Q13, Q14, Q15, Q16, Q17, Q18, Q19, Q2, Q20, Q22, Q3, Q4, Q5, Q7, Q8, Q9",SOT-23,17,MMBTA14,
Q21,SOT-23,1,MMBT3904,
Q23,SOT-23,1,BC857,
"R1, R12, R15, R18, R21, R22, R25, R26, R29, R32, R33, R40, R41, R42, R44, R47, R49, R5, R61, R62, R8, R9",0805,22,10K,
"R10, R11, R19, R23, R24, R34, R36, R43, R45, R46, R48, R6",0805,12,100K,
"R13, R14",0805,2,0R,
"R16, R17, R2, R27, R28, R3, R30, R31",0805,8,**,
"R20, R37, R39, R7",0805,4,68K,
"R35, R38, R50, R53",0805,4,100R,
"R4, R55, R64, R65",0805,4,3K3,
R56,0805,1,8k2,
R57,0805,1,47K,
"R58, R60, R63, R67, R68",0805,5,39R,
R59,0805,1,33R,
R66,0805,1,49R9,
U1,TO-220-3_Vertical,1,LM7805_TO220,
U2,MSA_1,1,MAR-6+,
