Designator,Mid X,Mid Y,Rotation,Layer
A1,181.0855,-110.79,270.0,top
C1,201.6,-116.5,180.0,bottom
C10,112.6,-118.0,180.0,bottom
C11,94.291,-96.74,90.0,bottom
C12,107.041,-112.49,180.0,top
C13,102.041,-112.49,0.0,top
C14,94.291,-117.49,270.0,bottom
C15,107.041,-96.74,0.0,bottom
C16,102.291,-106.99,0.0,bottom
C17,91.9,-110.3,270.0,bottom
C18,91.9,-103.8,90.0,bottom
C19,196.041,-116.49,180.0,bottom
C2,116.009,-109.4525,90.0,bottom
C3,116.009,-105.49,270.0,bottom
C4,192.4,-123.0,180.0,bottom
C5,183.791,-115.8,90.0,bottom
C6,163.8,-92.3,90.0,top
C7,157.8,-92.5,90.0,top
C8,102.291,-110.24,180.0,bottom
C9,105.9,-116.5,180.0,bottom
D6,108.5259,-123.99,180.0,bottom
D7,143.291,-107.74,180.0,top
D8,111.3375,-114.4,180.0,bottom
H1,83.75,-88.75,0.0,top
H2,205.75,-88.75,0.0,top
H3,205.75,-125.75,0.0,top
H4,83.75,-125.75,0.0,top
J1,119.805,-127.0,270.0,top
J10,181.87,-92.1,0.0,top
J11,173.77,-92.08,0.0,top
J12,150.17,-87.0,90.0,top
J13,138.705,-127.0,270.0,top
J14,140.76,-87.0,90.0,top
J15,147.84,-126.95,270.0,top
J16,164.481,-125.945,270.0,top
J17,164.1,-86.9,90.0,top
J19,94.2,-90.24,180.0,top
J2,108.3926,-120.1972,0.0,top
J20,94.3,-124.14,0.0,top
J21,108.051,-90.08,180.0,top
J22,85.3,-113.5,180.0,top
J23,176.501,-125.9,270.0,top
J24,85.2,-100.6,180.0,top
J3,128.985,-127.005,270.0,top
J4,198.07,-92.1,0.0,top
J5,130.57,-87.0,90.0,top
J6,123.541,-107.45,180.0,top
J7,189.97,-92.1,0.0,top
J8,121.35,-87.0,90.0,top
J9,118.541,-106.245,180.0,top
L1,107.7035,-106.99,0.0,bottom
Q1,120.1,-118.755,90.0,top
Q10,123.041,-92.24,270.0,top
Q11,149.26,-95.5,270.0,top
Q12,139.1,-118.9,90.0,top
Q13,144.291,-99.44,180.0,bottom
Q14,150.5,-119.0,180.0,bottom
Q15,139.5,-90.5,270.0,bottom
Q16,150.49,-123.64,180.0,bottom
Q17,137.291,-92.24,270.0,top
Q18,142.291,-92.24,270.0,top
Q19,151.791,-121.49,90.0,top
Q2,131.8,-119.455,180.0,bottom
Q20,145.791,-121.49,90.0,top
Q21,159.75,-107.7,90.0,bottom
Q22,174.3125,-111.7,180.0,bottom
Q23,183.25,-109.75,0.0,bottom
Q3,131.7,-123.5,180.0,bottom
Q4,132.541,-121.49,90.0,top
Q5,127.041,-121.49,90.0,top
Q6,130.35,-95.5,270.0,top
Q7,125.1,-99.49,180.0,bottom
Q8,120.0,-90.5,270.0,bottom
Q9,118.041,-92.24,270.0,top
R1,127.291,-112.74,0.0,top
R10,135.065,-123.727064,90.0,bottom
R11,125.987521,-115.991127,180.0,bottom
R12,132.541,-117.74,180.0,top
R13,164.55,-116.05,90.0,bottom
R14,167.15,-116.05,90.0,bottom
R15,123.041,-100.49,180.0,top
R16,126.291,-90.74,270.0,bottom
R17,123.541,-90.74,90.0,bottom
R18,125.3,-94.7,0.0,bottom
R19,119.9,-97.2,180.0,bottom
R2,124.75,-122.75,90.0,bottom
R20,123.041,-98.24,0.0,top
R21,123.041,-95.99,180.0,top
R22,118.041,-98.24,180.0,top
R23,119.9,-94.7,180.0,bottom
R24,119.9,-99.74,180.0,bottom
R25,118.041,-95.99,0.0,top
R26,142.25,-100.74,180.0,top
R27,145.541,-90.5,270.0,bottom
R28,143.0,-90.5,90.0,bottom
R29,145.791,-112.74,0.0,top
R3,127.25,-122.75,270.0,bottom
R30,143.75,-122.75,90.0,bottom
R31,146.25,-122.75,270.0,bottom
R32,144.291,-94.75,0.0,bottom
R33,150.8,-115.9,180.0,bottom
R34,139.291,-97.2,180.0,bottom
R35,162.291,-123.24,0.0,bottom
R36,155.3,-115.9,0.0,bottom
R37,142.291,-98.24,0.0,top
R38,166.791,-123.24,180.0,bottom
R39,145.791,-115.24,180.0,top
R4,139.541,-107.74,0.0,top
R40,142.291,-95.99,180.0,top
R41,145.791,-117.74,0.0,top
R42,137.291,-98.24,180.0,top
R43,139.291,-94.7,180.0,bottom
R44,151.791,-115.34,0.0,top
R45,154.0,-123.7,90.0,bottom
R46,139.291,-99.7,180.0,bottom
R47,137.291,-95.99,0.0,top
R48,145.0,-115.9,180.0,bottom
R49,151.791,-117.74,0.0,top
R5,131.995,-116.005,180.0,bottom
R50,166.6,-92.366667,270.0,top
R53,160.5,-92.433333,270.0,top
R55,159.7,-111.1,180.0,bottom
R56,116.2,-114.5,90.0,bottom
R57,116.291,-119.24,270.0,bottom
R58,96.541,-100.99,90.0,bottom
R59,108.291,-110.24,0.0,bottom
R6,136.5,-115.99,0.0,bottom
R60,96.541,-112.99,270.0,bottom
R61,177.75,-109.75,270.0,bottom
R62,179.75,-109.75,270.0,bottom
R63,97.541,-106.99,0.0,bottom
R64,172.791,-115.0,180.0,bottom
R65,186.5,-110.0,270.0,bottom
R66,112.041,-96.74,180.0,bottom
R67,95.541,-109.24,0.0,bottom
R68,95.541,-104.74,0.0,bottom
R7,127.291,-115.24,180.0,top
R8,127.291,-117.74,0.0,top
R9,132.541,-115.255,0.0,top
U1,112.541,-107.45,90.0,top
U2,106.041,-101.74,270.0,bottom
